{
  "filtered": [
    {
      "id": 5569,
      "name": "대우아이빌",
      "sido": "서울특별시",
      "gugun": "서초구",
      "dong": "잠원동",
      "bunji": "42-13",
      "lat": 37.51139337574741,
      "lng": 127.01835497289554,
      "households": 168,
      "buildDate": 200107,
      "score": 4.66667,
      "brand": "",
      "image": "https://i6.zigbang.com/v1/apartments/5569/profile.jpg?orientation=landscape",
      "price": 24000,
      "floorArea": 39.6,
      "marker": {
        "small": {
          "xxxh": {
            "base": "https://i6.zigbang.com/v1/marker/apartment.jpg?markerSizeName=xxxh&markerTypeName=Small_Apartment&datas=2.4%EC%96%B5%2C40%E3%8E%A1",
            "selected": "https://i6.zigbang.com/v1/marker/apartment.jpg?markerSizeName=xxxh&markerTypeName=Small_Apartment_Selected&datas=2.4%EC%96%B5%2C40%E3%8E%A1"
          }
        },
        "large": {
          "xxxh": {
            "base": "https://i6.zigbang.com/v1/marker/apartment.jpg?markerSizeName=xxxh&markerTypeName=Apartment&datas=2.4%EC%96%B5%2C40%E3%8E%A1%2C168%EC%84%B8%EB%8C%80%20%2F%202001%EB%85%84&brandName=",
            "selected": "https://i6.zigbang.com/v1/marker/apartment.jpg?markerSizeName=xxxh&markerTypeName=Apartment_Selected&datas=2.4%EC%96%B5%2C40%E3%8E%A1%2C168%EC%84%B8%EB%8C%80%20%2F%202001%EB%85%84&brandName="
          }
        }
      }
    },
    {
      "id": 8449,
      "name": "킴스빌리지",
      "sido": "서울특별시",
      "gugun": "서초구",
      "dong": "잠원동",
      "bunji": "71-12",
      "lat": 37.510843208978734,
      "lng": 127.00648775894568,
      "households": 160,
      "buildDate": 199612,
      "score": 3,
      "brand": "",
      "image": "https://i6.zigbang.com/v1/apartments/8449/profile.jpg?orientation=landscape",
      "price": 32000,
      "floorArea": 34.79,
      "marker": {
        "small": {
          "xxxh": {
            "base": "https://i6.zigbang.com/v1/marker/apartment.jpg?markerSizeName=xxxh&markerTypeName=Small_Apartment&datas=3.2%EC%96%B5%2C35%E3%8E%A1",
            "selected": "https://i6.zigbang.com/v1/marker/apartment.jpg?markerSizeName=xxxh&markerTypeName=Small_Apartment_Selected&datas=3.2%EC%96%B5%2C35%E3%8E%A1"
          }
        },
        "large": {
          "xxxh": {
            "base": "https://i6.zigbang.com/v1/marker/apartment.jpg?markerSizeName=xxxh&markerTypeName=Apartment&datas=3.2%EC%96%B5%2C35%E3%8E%A1%2C160%EC%84%B8%EB%8C%80%20%2F%201996%EB%85%84&brandName=",
            "selected": "https://i6.zigbang.com/v1/marker/apartment.jpg?markerSizeName=xxxh&markerTypeName=Apartment_Selected&datas=3.2%EC%96%B5%2C35%E3%8E%A1%2C160%EC%84%B8%EB%8C%80%20%2F%201996%EB%85%84&brandName="
          }
        }
      }
    },
    {
      "id": 5126,
      "name": "잠원현대훼밀리",
      "sido": "서울특별시",
      "gugun": "서초구",
      "dong": "잠원동",
      "bunji": "59-3",
      "lat": 37.50883528313542,
      "lng": 127.01254085497867,
      "households": 113,
      "buildDate": 199708,
      "score": 0,
      "brand": "",
      "image": "https://i6.zigbang.com/v1/apartments/5126/profile.jpg?orientation=landscape",
      "price": 68000,
      "floorArea": 82.65,
      "marker": {
        "small": {
          "xxxh": {
            "base": "https://i6.zigbang.com/v1/marker/apartment.jpg?markerSizeName=xxxh&markerTypeName=Small_Apartment&datas=6.8%EC%96%B5%2C83%E3%8E%A1",
            "selected": "https://i6.zigbang.com/v1/marker/apartment.jpg?markerSizeName=xxxh&markerTypeName=Small_Apartment_Selected&datas=6.8%EC%96%B5%2C83%E3%8E%A1"
          }
        },
        "large": {
          "xxxh": {
            "base": "https://i6.zigbang.com/v1/marker/apartment.jpg?markerSizeName=xxxh&markerTypeName=Apartment&datas=6.8%EC%96%B5%2C83%E3%8E%A1%2C113%EC%84%B8%EB%8C%80%20%2F%201997%EB%85%84&brandName=",
            "selected": "https://i6.zigbang.com/v1/marker/apartment.jpg?markerSizeName=xxxh&markerTypeName=Apartment_Selected&datas=6.8%EC%96%B5%2C83%E3%8E%A1%2C113%EC%84%B8%EB%8C%80%20%2F%201997%EB%85%84&brandName="
          }
        }
      }
    },
    {
      "id": 794,
      "name": "신화",
      "sido": "서울특별시",
      "gugun": "서초구",
      "dong": "잠원동",
      "bunji": "54-7",
      "lat": 37.51568642231548,
      "lng": 127.0134242849822,
      "households": 166,
      "buildDate": 199710,
      "score": 0,
      "brand": "",
      "image": "https://i6.zigbang.com/v1/apartments/794/profile.jpg?orientation=landscape",
      "price": 69000,
      "floorArea": 76.94,
      "marker": {
        "small": {
          "xxxh": {
            "base": "https://i6.zigbang.com/v1/marker/apartment.jpg?markerSizeName=xxxh&markerTypeName=Small_Apartment&datas=6.9%EC%96%B5%2C77%E3%8E%A1",
            "selected": "https://i6.zigbang.com/v1/marker/apartment.jpg?markerSizeName=xxxh&markerTypeName=Small_Apartment_Selected&datas=6.9%EC%96%B5%2C77%E3%8E%A1"
          }
        },
        "large": {
          "xxxh": {
            "base": "https://i6.zigbang.com/v1/marker/apartment.jpg?markerSizeName=xxxh&markerTypeName=Apartment&datas=6.9%EC%96%B5%2C77%E3%8E%A1%2C166%EC%84%B8%EB%8C%80%20%2F%201997%EB%85%84&brandName=",
            "selected": "https://i6.zigbang.com/v1/marker/apartment.jpg?markerSizeName=xxxh&markerTypeName=Apartment_Selected&datas=6.9%EC%96%B5%2C77%E3%8E%A1%2C166%EC%84%B8%EB%8C%80%20%2F%201997%EB%85%84&brandName="
          }
        }
      }
    },
    {
      "id": 3782,
      "name": "반포한신타워",
      "sido": "서울특별시",
      "gugun": "서초구",
      "dong": "잠원동",
      "bunji": "71-11",
      "lat": 37.51127930054718,
      "lng": 127.00638826285102,
      "households": 248,
      "buildDate": 199608,
      "score": 4.5,
      "brand": "",
      "image": "https://i6.zigbang.com/v1/apartments/3782/profile.jpg?orientation=landscape",
      "price": 69800,
      "floorArea": 94.19,
      "marker": {
        "small": {
          "xxxh": {
            "base": "https://i6.zigbang.com/v1/marker/apartment.jpg?markerSizeName=xxxh&markerTypeName=Small_Apartment&datas=7%EC%96%B5%2C94%E3%8E%A1",
            "selected": "https://i6.zigbang.com/v1/marker/apartment.jpg?markerSizeName=xxxh&markerTypeName=Small_Apartment_Selected&datas=7%EC%96%B5%2C94%E3%8E%A1"
          }
        },
        "large": {
          "xxxh": {
            "base": "https://i6.zigbang.com/v1/marker/apartment.jpg?markerSizeName=xxxh&markerTypeName=Apartment&datas=7%EC%96%B5%2C94%E3%8E%A1%2C248%EC%84%B8%EB%8C%80%20%2F%201996%EB%85%84&brandName=",
            "selected": "https://i6.zigbang.com/v1/marker/apartment.jpg?markerSizeName=xxxh&markerTypeName=Apartment_Selected&datas=7%EC%96%B5%2C94%E3%8E%A1%2C248%EC%84%B8%EB%8C%80%20%2F%201996%EB%85%84&brandName="
          }
        }
      }
    },
    {
      "id": 5037,
      "name": "잠원중앙하이츠(B동)",
      "sido": "서울특별시",
      "gugun": "서초구",
      "dong": "잠원동",
      "bunji": "71-17",
      "lat": 37.51028106150793,
      "lng": 127.0048318511799,
      "households": 126,
      "buildDate": 199812,
      "score": 3.5,
      "brand": "",
      "image": "https://i6.zigbang.com/v1/apartments/5037/profile.jpg?orientation=landscape",
      "price": 70000,
      "floorArea": 83.33,
      "marker": {
        "small": {
          "xxxh": {
            "base": "https://i6.zigbang.com/v1/marker/apartment.jpg?markerSizeName=xxxh&markerTypeName=Small_Apartment&datas=7%EC%96%B5%2C83%E3%8E%A1",
            "selected": "https://i6.zigbang.com/v1/marker/apartment.jpg?markerSizeName=xxxh&markerTypeName=Small_Apartment_Selected&datas=7%EC%96%B5%2C83%E3%8E%A1"
          }
        },
        "large": {
          "xxxh": {
            "base": "https://i6.zigbang.com/v1/marker/apartment.jpg?markerSizeName=xxxh&markerTypeName=Apartment&datas=7%EC%96%B5%2C83%E3%8E%A1%2C126%EC%84%B8%EB%8C%80%20%2F%201998%EB%85%84&brandName=",
            "selected": "https://i6.zigbang.com/v1/marker/apartment.jpg?markerSizeName=xxxh&markerTypeName=Apartment_Selected&datas=7%EC%96%B5%2C83%E3%8E%A1%2C126%EC%84%B8%EB%8C%80%20%2F%201998%EB%85%84&brandName="
          }
        }
      }
    },
    {
      "id": 6609,
      "name": "잠원월드메르디앙",
      "sido": "서울특별시",
      "gugun": "서초구",
      "dong": "잠원동",
      "bunji": "33-11",
      "lat": 37.51262261669772,
      "lng": 127.01651838923875,
      "households": 107,
      "buildDate": 200202,
      "score": 5,
      "brand": "",
      "image": "https://i6.zigbang.com/v1/apartments/6609/profile.jpg?orientation=landscape",
      "price": 71000,
      "floorArea": 107.46,
      "marker": {
        "small": {
          "xxxh": {
            "base": "https://i6.zigbang.com/v1/marker/apartment.jpg?markerSizeName=xxxh&markerTypeName=Small_Apartment&datas=7.1%EC%96%B5%2C107%E3%8E%A1",
            "selected": "https://i6.zigbang.com/v1/marker/apartment.jpg?markerSizeName=xxxh&markerTypeName=Small_Apartment_Selected&datas=7.1%EC%96%B5%2C107%E3%8E%A1"
          }
        },
        "large": {
          "xxxh": {
            "base": "https://i6.zigbang.com/v1/marker/apartment.jpg?markerSizeName=xxxh&markerTypeName=Apartment&datas=7.1%EC%96%B5%2C107%E3%8E%A1%2C107%EC%84%B8%EB%8C%80%20%2F%202002%EB%85%84&brandName=",
            "selected": "https://i6.zigbang.com/v1/marker/apartment.jpg?markerSizeName=xxxh&markerTypeName=Apartment_Selected&datas=7.1%EC%96%B5%2C107%E3%8E%A1%2C107%EC%84%B8%EB%8C%80%20%2F%202002%EB%85%84&brandName="
          }
        }
      }
    },
    {
      "id": 413,
      "name": "반포미도2차",
      "sido": "서울특별시",
      "gugun": "서초구",
      "dong": "반포동",
      "bunji": "60-5",
      "lat": 37.502362889175714,
      "lng": 127.007495816308,
      "households": 435,
      "buildDate": 198905,
      "score": 4,
      "brand": "",
      "image": "https://i6.zigbang.com/v1/apartments/413/profile.jpg?orientation=landscape",
      "price": 71000,
      "floorArea": 76.99,
      "marker": {
        "small": {
         "xxxh": {
            "base": "https://i6.zigbang.com/v1/marker/apartment.jpg?markerSizeName=xxxh&markerTypeName=Small_Apartment&datas=7.1%EC%96%B5%2C77%E3%8E%A1",
            "selected": "https://i6.zigbang.com/v1/marker/apartment.jpg?markerSizeName=xxxh&markerTypeName=Small_Apartment_Selected&datas=7.1%EC%96%B5%2C77%E3%8E%A1"
          }
        },
        "large": {
         "xxxh": {
            "base": "https://i6.zigbang.com/v1/marker/apartment.jpg?markerSizeName=xxxh&markerTypeName=Apartment&datas=7.1%EC%96%B5%2C77%E3%8E%A1%2C435%EC%84%B8%EB%8C%80%20%2F%201989%EB%85%84&brandName=",
            "selected": "https://i6.zigbang.com/v1/marker/apartment.jpg?markerSizeName=xxxh&markerTypeName=Apartment_Selected&datas=7.1%EC%96%B5%2C77%E3%8E%A1%2C435%EC%84%B8%EB%8C%80%20%2F%201989%EB%85%84&brandName="
          }
        }
      }
    },
    {
      "id": 1306,
      "name": "신반포27차",
      "sido": "서울특별시",
      "gugun": "서초구",
      "dong": "잠원동",
      "bunji": "56-2",
      "lat": 37.51577687635211,
      "lng": 127.00983181884294,
      "households": 156,
      "buildDate": 198501,
      "score": 0,
      "brand": "",
      "image": "https://i6.zigbang.com/v1/apartments/1306/profile.jpg?orientation=landscape",
      "price": 73000,
      "floorArea": 58.06,
      "marker": {
        "small": {
         "xxxh": {
            "base": "https://i6.zigbang.com/v1/marker/apartment.jpg?markerSizeName=xxxh&markerTypeName=Small_Apartment&datas=7.3%EC%96%B5%2C58%E3%8E%A1",
            "selected": "https://i6.zigbang.com/v1/marker/apartment.jpg?markerSizeName=xxxh&markerTypeName=Small_Apartment_Selected&datas=7.3%EC%96%B5%2C58%E3%8E%A1"
          }
        },
        "large": {
         "xxxh": {
            "base": "https://i6.zigbang.com/v1/marker/apartment.jpg?markerSizeName=xxxh&markerTypeName=Apartment&datas=7.3%EC%96%B5%2C58%E3%8E%A1%2C156%EC%84%B8%EB%8C%80%20%2F%201985%EB%85%84&brandName=",
            "selected": "https://i6.zigbang.com/v1/marker/apartment.jpg?markerSizeName=xxxh&markerTypeName=Apartment_Selected&datas=7.3%EC%96%B5%2C58%E3%8E%A1%2C156%EC%84%B8%EB%8C%80%20%2F%201985%EB%85%84&brandName="
          }
        }
      }
    },
    {
      "id": 8447,
      "name": "블루힐하우스",
      "sido": "서울특별시",
      "gugun": "서초구",
      "dong": "잠원동",
      "bunji": "71-1",
      "lat": 37.51192444120823,
      "lng": 127.00597660613415,
      "households": 125,
      "buildDate": 199911,
      "score": 0,
      "brand": "",
      "image": "https://i6.zigbang.com/v1/apartments/8447/profile.jpg?orientation=landscape",
      "price": 74000,
      "floorArea": 80.07,
      "marker": {
        "small": {
         "xxxh": {
            "base": "https://i6.zigbang.com/v1/marker/apartment.jpg?markerSizeName=xxxh&markerTypeName=Small_Apartment&datas=7.4%EC%96%B5%2C80%E3%8E%A1",
            "selected": "https://i6.zigbang.com/v1/marker/apartment.jpg?markerSizeName=xxxh&markerTypeName=Small_Apartment_Selected&datas=7.4%EC%96%B5%2C80%E3%8E%A1"
          }
        },
        "large": {
         "xxxh": {
            "base": "https://i6.zigbang.com/v1/marker/apartment.jpg?markerSizeName=xxxh&markerTypeName=Apartment&datas=7.4%EC%96%B5%2C80%E3%8E%A1%2C125%EC%84%B8%EB%8C%80%20%2F%201999%EB%85%84&brandName=",
            "selected": "https://i6.zigbang.com/v1/marker/apartment.jpg?markerSizeName=xxxh&markerTypeName=Apartment_Selected&datas=7.4%EC%96%B5%2C80%E3%8E%A1%2C125%EC%84%B8%EB%8C%80%20%2F%201999%EB%85%84&brandName="
          }
        }
      }
    },
    {
      "id": 1295,
      "name": "신반포16차",
      "sido": "서울특별시",
      "gugun": "서초구",
      "dong": "잠원동",
      "bunji": "55-12",
      "lat": 37.5174734,
      "lng": 127.010123,
      "households": 396,
      "buildDate": 198301,
      "score": 3,
      "brand": "",
      "image": "https://i6.zigbang.com/v1/apartments/1295/profile.jpg?orientation=landscape",
      "price": 76000,
      "floorArea": 58.03,
      "marker": {
        "small": {
         "xxxh": {
            "base": "https://i6.zigbang.com/v1/marker/apartment.jpg?markerSizeName=xxxh&markerTypeName=Small_Apartment&datas=7.6%EC%96%B5%2C58%E3%8E%A1",
            "selected": "https://i6.zigbang.com/v1/marker/apartment.jpg?markerSizeName=xxxh&markerTypeName=Small_Apartment_Selected&datas=7.6%EC%96%B5%2C58%E3%8E%A1"
          }
        },
        "large": {
         "xxxh": {
            "base": "https://i6.zigbang.com/v1/marker/apartment.jpg?markerSizeName=xxxh&markerTypeName=Apartment&datas=7.6%EC%96%B5%2C58%E3%8E%A1%2C396%EC%84%B8%EB%8C%80%20%2F%201983%EB%85%84&brandName=",
            "selected": "https://i6.zigbang.com/v1/marker/apartment.jpg?markerSizeName=xxxh&markerTypeName=Apartment_Selected&datas=7.6%EC%96%B5%2C58%E3%8E%A1%2C396%EC%84%B8%EB%8C%80%20%2F%201983%EB%85%84&brandName="
          }
        }
      }
    },
    {
      "id": 5056,
      "name": "한신타운",
      "sido": "서울특별시",
      "gugun": "서초구",
      "dong": "잠원동",
      "bunji": "60-4",
      "lat": 37.50948772433283,
      "lng": 127.01141897311639,
      "households": 110,
      "buildDate": 198906,
      "score": 2,
      "brand": "",
      "image": "https://i6.zigbang.com/v1/apartments/5056/profile.jpg?orientation=landscape",
      "price": 77000,
      "floorArea": 79.93,
      "marker": {
        "small": {
         "xxxh": {
            "base": "https://i6.zigbang.com/v1/marker/apartment.jpg?markerSizeName=xxxh&markerTypeName=Small_Apartment&datas=7.7%EC%96%B5%2C80%E3%8E%A1",
            "selected": "https://i6.zigbang.com/v1/marker/apartment.jpg?markerSizeName=xxxh&markerTypeName=Small_Apartment_Selected&datas=7.7%EC%96%B5%2C80%E3%8E%A1"
          }
        },
        "large": {
         "xxxh": {
            "base": "https://i6.zigbang.com/v1/marker/apartment.jpg?markerSizeName=xxxh&markerTypeName=Apartment&datas=7.7%EC%96%B5%2C80%E3%8E%A1%2C110%EC%84%B8%EB%8C%80%20%2F%201989%EB%85%84&brandName=",
            "selected": "https://i6.zigbang.com/v1/marker/apartment.jpg?markerSizeName=xxxh&markerTypeName=Apartment_Selected&datas=7.7%EC%96%B5%2C80%E3%8E%A1%2C110%EC%84%B8%EB%8C%80%20%2F%201989%EB%85%84&brandName="
          }
        }
      }
    },
    {
      "id": 1142,
      "name": "신반포청구",
      "sido": "서울특별시",
      "gugun": "서초구",
      "dong": "잠원동",
      "bunji": "63-2",
      "lat": 37.51414076020647,
      "lng": 127.00845165056083,
      "households": 347,
      "buildDate": 199801,
      "score": 4.66667,
      "brand": "",
      "image": "https://i6.zigbang.com/v1/apartments/1142/profile.jpg?orientation=landscape",
      "price": 80000,
      "floorArea": 80.09,
      "marker": {
        "small": {
         "xxxh": {
            "base": "https://i6.zigbang.com/v1/marker/apartment.jpg?markerSizeName=xxxh&markerTypeName=Small_Apartment&datas=8%EC%96%B5%2C80%E3%8E%A1",
            "selected": "https://i6.zigbang.com/v1/marker/apartment.jpg?markerSizeName=xxxh&markerTypeName=Small_Apartment_Selected&datas=8%EC%96%B5%2C80%E3%8E%A1"
          }
        },
        "large": {
         "xxxh": {
            "base": "https://i6.zigbang.com/v1/marker/apartment.jpg?markerSizeName=xxxh&markerTypeName=Apartment&datas=8%EC%96%B5%2C80%E3%8E%A1%2C347%EC%84%B8%EB%8C%80%20%2F%201998%EB%85%84&brandName=",
            "selected": "https://i6.zigbang.com/v1/marker/apartment.jpg?markerSizeName=xxxh&markerTypeName=Apartment_Selected&datas=8%EC%96%B5%2C80%E3%8E%A1%2C347%EC%84%B8%EB%8C%80%20%2F%201998%EB%85%84&brandName="
          }
        }
      }
    },
    {
      "id": 1291,
      "name": "신반포12차",
      "sido": "서울특별시",
      "gugun": "서초구",
      "dong": "잠원동",
      "bunji": "50-5",
      "lat": 37.516158395203234,
      "lng": 127.01470934455908,
      "households": 312,
      "buildDate": 198204,
      "score": 4,
      "brand": "",
      "image": "https://i6.zigbang.com/v1/apartments/1291/profile.jpg?orientation=landscape",
      "price": 80300,
      "floorArea": 59.35,
      "marker": {
        "small": {
         "xxxh": {
            "base": "https://i6.zigbang.com/v1/marker/apartment.jpg?markerSizeName=xxxh&markerTypeName=Small_Apartment&datas=8%EC%96%B5%2C59%E3%8E%A1",
            "selected": "https://i6.zigbang.com/v1/marker/apartment.jpg?markerSizeName=xxxh&markerTypeName=Small_Apartment_Selected&datas=8%EC%96%B5%2C59%E3%8E%A1"
          }
        },
        "large": {
         "xxxh": {
            "base": "https://i6.zigbang.com/v1/marker/apartment.jpg?markerSizeName=xxxh&markerTypeName=Apartment&datas=8%EC%96%B5%2C59%E3%8E%A1%2C312%EC%84%B8%EB%8C%80%20%2F%201982%EB%85%84&brandName=",
            "selected": "https://i6.zigbang.com/v1/marker/apartment.jpg?markerSizeName=xxxh&markerTypeName=Apartment_Selected&datas=8%EC%96%B5%2C59%E3%8E%A1%2C312%EC%84%B8%EB%8C%80%20%2F%201982%EB%85%84&brandName="
          }
        }
      }
    },
    {
      "id": 2930,
      "name": "동아",
      "sido": "서울특별시",
      "gugun": "서초구",
      "dong": "잠원동",
      "bunji": "157",
      "lat": 37.5087309956466,
      "lng": 127.01015663069234,
      "households": 991,
      "buildDate": 200207,
      "score": 4.57143,
      "brand": "",
      "image": "https://i6.zigbang.com/v1/apartments/2930/profile.jpg?orientation=landscape",
      "price": 83000,
      "floorArea": 81.33,
      "marker": {
        "small": {
         "xxxh": {
            "base": "https://i6.zigbang.com/v1/marker/apartment.jpg?markerSizeName=xxxh&markerTypeName=Small_Apartment&datas=8.3%EC%96%B5%2C81%E3%8E%A1",
            "selected": "https://i6.zigbang.com/v1/marker/apartment.jpg?markerSizeName=xxxh&markerTypeName=Small_Apartment_Selected&datas=8.3%EC%96%B5%2C81%E3%8E%A1"
          }
        },
        "large": {
         "xxxh": {
            "base": "https://i6.zigbang.com/v1/marker/apartment.jpg?markerSizeName=xxxh&markerTypeName=Apartment&datas=8.3%EC%96%B5%2C81%E3%8E%A1%2C991%EC%84%B8%EB%8C%80%20%2F%202002%EB%85%84&brandName=",
            "selected": "https://i6.zigbang.com/v1/marker/apartment.jpg?markerSizeName=xxxh&markerTypeName=Apartment_Selected&datas=8.3%EC%96%B5%2C81%E3%8E%A1%2C991%EC%84%B8%EB%8C%80%20%2F%202002%EB%85%84&brandName="
          }
        }
      }
    },
    {
      "id": 1289,
      "name": "신반포10차",
      "sido": "서울특별시",
      "gugun": "서초구",
      "dong": "잠원동",
      "bunji": "58-16",
      "lat": 37.512608525630704,
      "lng": 127.01400284994098,
      "households": 876,
      "buildDate": 198104,
      "score": 4,
      "brand": "",
      "image": "https://i6.zigbang.com/v1/apartments/1289/profile.jpg?orientation=landscape",
      "price": 84000,
      "floorArea": 57.86,
      "marker": {
        "small": {
         "xxxh": {
            "base": "https://i6.zigbang.com/v1/marker/apartment.jpg?markerSizeName=xxxh&markerTypeName=Small_Apartment&datas=8.4%EC%96%B5%2C58%E3%8E%A1",
            "selected": "https://i6.zigbang.com/v1/marker/apartment.jpg?markerSizeName=xxxh&markerTypeName=Small_Apartment_Selected&datas=8.4%EC%96%B5%2C58%E3%8E%A1"
          }
        },
        "large": {
         "xxxh": {
            "base": "https://i6.zigbang.com/v1/marker/apartment.jpg?markerSizeName=xxxh&markerTypeName=Apartment&datas=8.4%EC%96%B5%2C58%E3%8E%A1%2C876%EC%84%B8%EB%8C%80%20%2F%201981%EB%85%84&brandName=",
            "selected": "https://i6.zigbang.com/v1/marker/apartment.jpg?markerSizeName=xxxh&markerTypeName=Apartment_Selected&datas=8.4%EC%96%B5%2C58%E3%8E%A1%2C876%EC%84%B8%EB%8C%80%20%2F%201981%EB%85%84&brandName="
          }
        }
      }
    },
    {
      "id": 1312,
      "name": "신반포8차",
      "sido": "서울특별시",
      "gugun": "서초구",
      "dong": "잠원동",
      "bunji": "60-3",
      "lat": 37.51165364251005,
      "lng": 127.01237845214246,
      "households": 864,
      "buildDate": 198103,
      "score": 4,
      "brand": "",
      "image": "https://i6.zigbang.com/v1/apartments/1312/profile.jpg?orientation=landscape",
      "price": 85000,
      "floorArea": 56.43,
      "marker": {
        "small": {
         "xxxh": {
            "base": "https://i6.zigbang.com/v1/marker/apartment.jpg?markerSizeName=xxxh&markerTypeName=Small_Apartment&datas=8.5%EC%96%B5%2C56%E3%8E%A1",
            "selected": "https://i6.zigbang.com/v1/marker/apartment.jpg?markerSizeName=xxxh&markerTypeName=Small_Apartment_Selected&datas=8.5%EC%96%B5%2C56%E3%8E%A1"
          }
        },
        "large": {
         "xxxh": {
            "base": "https://i6.zigbang.com/v1/marker/apartment.jpg?markerSizeName=xxxh&markerTypeName=Apartment&datas=8.5%EC%96%B5%2C56%E3%8E%A1%2C864%EC%84%B8%EB%8C%80%20%2F%201981%EB%85%84&brandName=",
            "selected": "https://i6.zigbang.com/v1/marker/apartment.jpg?markerSizeName=xxxh&markerTypeName=Apartment_Selected&datas=8.5%EC%96%B5%2C56%E3%8E%A1%2C864%EC%84%B8%EB%8C%80%20%2F%201981%EB%85%84&brandName="
          }
        }
      }
    },
    {
      "id": 3,
      "name": "강변",
      "sido": "서울특별시",
      "gugun": "서초구",
      "dong": "잠원동",
      "bunji": "53-15",
      "lat": 37.51774804204694,
      "lng": 127.0122889656439,
      "households": 360,
      "buildDate": 198707,
      "score": 4,
      "brand": "",
      "image": "https://i6.zigbang.com/v1/apartments/3/profile.jpg?orientation=landscape",
      "price": 86000,
      "floorArea": 89.35,
      "marker": {
        "small": {
         "xxxh": {
            "base": "https://i6.zigbang.com/v1/marker/apartment.jpg?markerSizeName=xxxh&markerTypeName=Small_Apartment&datas=8.6%EC%96%B5%2C89%E3%8E%A1",
            "selected": "https://i6.zigbang.com/v1/marker/apartment.jpg?markerSizeName=xxxh&markerTypeName=Small_Apartment_Selected&datas=8.6%EC%96%B5%2C89%E3%8E%A1"
          }
        },
        "large": {
         "xxxh": {
            "base": "https://i6.zigbang.com/v1/marker/apartment.jpg?markerSizeName=xxxh&markerTypeName=Apartment&datas=8.6%EC%96%B5%2C89%E3%8E%A1%2C360%EC%84%B8%EB%8C%80%20%2F%201987%EB%85%84&brandName=",
            "selected": "https://i6.zigbang.com/v1/marker/apartment.jpg?markerSizeName=xxxh&markerTypeName=Apartment_Selected&datas=8.6%EC%96%B5%2C89%E3%8E%A1%2C360%EC%84%B8%EB%8C%80%20%2F%201987%EB%85%84&brandName="
          }
        }
      }
    },
    {
      "id": 113,
      "name": "잠원한신그린",
      "sido": "서울특별시",
      "gugun": "서초구",
      "dong": "잠원동",
      "bunji": "65-8",
      "lat": 37.513362332756586,
      "lng": 127.00787244070729,
      "households": 150,
      "buildDate": 199301,
      "score": 3,
      "brand": "",
      "image": "https://i6.zigbang.com/v1/apartments/113/profile.jpg?orientation=landscape",
      "price": 86000,
      "floorArea": 113.08,
      "marker": {
        "small": {
         "xxxh": {
            "base": "https://i6.zigbang.com/v1/marker/apartment.jpg?markerSizeName=xxxh&markerTypeName=Small_Apartment&datas=8.6%EC%96%B5%2C113%E3%8E%A1",
            "selected": "https://i6.zigbang.com/v1/marker/apartment.jpg?markerSizeName=xxxh&markerTypeName=Small_Apartment_Selected&datas=8.6%EC%96%B5%2C113%E3%8E%A1"
          }
        },
        "large": {
          "xxxh": {
            "base": "https://i6.zigbang.com/v1/marker/apartment.jpg?markerSizeName=xxxh&markerTypeName=Apartment&datas=8.6%EC%96%B5%2C113%E3%8E%A1%2C150%EC%84%B8%EB%8C%80%20%2F%201993%EB%85%84&brandName=",
            "selected": "https://i6.zigbang.com/v1/marker/apartment.jpg?markerSizeName=xxxh&markerTypeName=Apartment_Selected&datas=8.6%EC%96%B5%2C113%E3%8E%A1%2C150%EC%84%B8%EB%8C%80%20%2F%201993%EB%85%84&brandName="
          }
        }
      }
    },
    {
      "id": 1319,
      "name": "잠원훼미리",
      "sido": "서울특별시",
      "gugun": "서초구",
      "dong": "잠원동",
      "bunji": "51",
      "lat": 37.519214605456845,
      "lng": 127.01465564753123,
      "households": 288,
      "buildDate": 199211,
      "score": 4,
      "brand": "",
      "image": "https://i6.zigbang.com/v1/apartments/1319/profile.jpg?orientation=landscape",
      "price": 90000,
      "floorArea": 103.17,
      "marker": {
        "small": {
          "xxxh": {
            "base": "https://i6.zigbang.com/v1/marker/apartment.jpg?markerSizeName=xxxh&markerTypeName=Small_Apartment&datas=9%EC%96%B5%2C103%E3%8E%A1",
            "selected": "https://i6.zigbang.com/v1/marker/apartment.jpg?markerSizeName=xxxh&markerTypeName=Small_Apartment_Selected&datas=9%EC%96%B5%2C103%E3%8E%A1"
          }
        },
        "large": {
          "xxxh": {
            "base": "https://i6.zigbang.com/v1/marker/apartment.jpg?markerSizeName=xxxh&markerTypeName=Apartment&datas=9%EC%96%B5%2C103%E3%8E%A1%2C288%EC%84%B8%EB%8C%80%20%2F%201992%EB%85%84&brandName=",
            "selected": "https://i6.zigbang.com/v1/marker/apartment.jpg?markerSizeName=xxxh&markerTypeName=Apartment_Selected&datas=9%EC%96%B5%2C103%E3%8E%A1%2C288%EC%84%B8%EB%8C%80%20%2F%201992%EB%85%84&brandName="
          }
        }
      }
    },
    {
      "id": 1314,
      "name": "한신로얄",
      "sido": "서울특별시",
      "gugun": "서초구",
      "dong": "잠원동",
      "bunji": "63-34",
      "lat": 37.51358207309181,
      "lng": 127.00931122440842,
      "households": 208,
      "buildDate": 199206,
      "score": 0,
      "brand": "",
      "image": "https://i6.zigbang.com/v1/apartments/1314/profile.jpg?orientation=landscape",
      "price": 90000,
      "floorArea": 113.02,
      "marker": {
        "small": {
          "xxxh": {
            "base": "https://i6.zigbang.com/v1/marker/apartment.jpg?markerSizeName=xxxh&markerTypeName=Small_Apartment&datas=9%EC%96%B5%2C113%E3%8E%A1",
            "selected": "https://i6.zigbang.com/v1/marker/apartment.jpg?markerSizeName=xxxh&markerTypeName=Small_Apartment_Selected&datas=9%EC%96%B5%2C113%E3%8E%A1"
          }
        },
        "large": {
          "xxxh": {
            "base": "https://i6.zigbang.com/v1/marker/apartment.jpg?markerSizeName=xxxh&markerTypeName=Apartment&datas=9%EC%96%B5%2C113%E3%8E%A1%2C208%EC%84%B8%EB%8C%80%20%2F%201992%EB%85%84&brandName=",
            "selected": "https://i6.zigbang.com/v1/marker/apartment.jpg?markerSizeName=xxxh&markerTypeName=Apartment_Selected&datas=9%EC%96%B5%2C113%E3%8E%A1%2C208%EC%84%B8%EB%8C%80%20%2F%201992%EB%85%84&brandName="
          }
        }
      }
    },
    {
      "id": 987,
      "name": "잠원현대",
      "sido": "서울특별시",
      "gugun": "서초구",
      "dong": "잠원동",
      "bunji": "53",
      "lat": 37.518461591670864,
      "lng": 127.01271440437043,
      "households": 244,
      "buildDate": 199304,
      "score": 4,
      "brand": "",
      "image": "https://i6.zigbang.com/v1/apartments/987/profile.jpg?orientation=landscape",
      "price": 92000,
      "floorArea": 103.77,
      "marker": {
        "small": {
          "xxxh": {
            "base": "https://i6.zigbang.com/v1/marker/apartment.jpg?markerSizeName=xxxh&markerTypeName=Small_Apartment&datas=9.2%EC%96%B5%2C104%E3%8E%A1",
            "selected": "https://i6.zigbang.com/v1/marker/apartment.jpg?markerSizeName=xxxh&markerTypeName=Small_Apartment_Selected&datas=9.2%EC%96%B5%2C104%E3%8E%A1"
          }
        },
        "large": {
          "xxxh": {
            "base": "https://i6.zigbang.com/v1/marker/apartment.jpg?markerSizeName=xxxh&markerTypeName=Apartment&datas=9.2%EC%96%B5%2C104%E3%8E%A1%2C244%EC%84%B8%EB%8C%80%20%2F%201993%EB%85%84&brandName=",
            "selected": "https://i6.zigbang.com/v1/marker/apartment.jpg?markerSizeName=xxxh&markerTypeName=Apartment_Selected&datas=9.2%EC%96%B5%2C104%E3%8E%A1%2C244%EC%84%B8%EB%8C%80%20%2F%201993%EB%85%84&brandName="
          }
        }
      }
    },
    {
      "id": 6088,
      "name": "금호베스트빌",
      "sido": "서울특별시",
      "gugun": "서초구",
      "dong": "잠원동",
      "bunji": "58",
      "lat": 37.51461594532797,
      "lng": 127.01414800793478,
      "households": 117,
      "buildDate": 200211,
      "score": 0,
      "brand": "",
      "image": "https://i6.zigbang.com/v1/apartments/6088/profile.jpg?orientation=landscape",
      "price": 97000,
      "floorArea": 101.34,
      "marker": {
        "small": {
          "xxxh": {
            "base": "https://i6.zigbang.com/v1/marker/apartment.jpg?markerSizeName=xxxh&markerTypeName=Small_Apartment&datas=9.7%EC%96%B5%2C101%E3%8E%A1",
            "selected": "https://i6.zigbang.com/v1/marker/apartment.jpg?markerSizeName=xxxh&markerTypeName=Small_Apartment_Selected&datas=9.7%EC%96%B5%2C101%E3%8E%A1"
          }
        },
        "large": {
          "xxxh": {
            "base": "https://i6.zigbang.com/v1/marker/apartment.jpg?markerSizeName=xxxh&markerTypeName=Apartment&datas=9.7%EC%96%B5%2C101%E3%8E%A1%2C117%EC%84%B8%EB%8C%80%20%2F%202002%EB%85%84&brandName=",
            "selected": "https://i6.zigbang.com/v1/marker/apartment.jpg?markerSizeName=xxxh&markerTypeName=Apartment_Selected&datas=9.7%EC%96%B5%2C101%E3%8E%A1%2C117%EC%84%B8%EB%8C%80%20%2F%202002%EB%85%84&brandName="
          }
        }
      }
    },
    {
      "id": 1298,
      "name": "신반포19차",
      "sido": "서울특별시",
      "gugun": "서초구",
      "dong": "잠원동",
      "bunji": "61-2",
      "lat": 37.514216309004915,
      "lng": 127.01017094732572,
      "households": 242,
      "buildDate": 198212,
      "score": 0,
      "brand": "",
      "image": "https://i6.zigbang.com/v1/apartments/1298/profile.jpg?orientation=landscape",
      "price": 97000,
      "floorArea": 89.36,
      "marker": {
        "small": {
          "xxxh": {
            "base": "https://i6.zigbang.com/v1/marker/apartment.jpg?markerSizeName=xxxh&markerTypeName=Small_Apartment&datas=9.7%EC%96%B5%2C89%E3%8E%A1",
            "selected": "https://i6.zigbang.com/v1/marker/apartment.jpg?markerSizeName=xxxh&markerTypeName=Small_Apartment_Selected&datas=9.7%EC%96%B5%2C89%E3%8E%A1"
          }
        },
        "large": {
          "xxxh": {
            "base": "https://i6.zigbang.com/v1/marker/apartment.jpg?markerSizeName=xxxh&markerTypeName=Apartment&datas=9.7%EC%96%B5%2C89%E3%8E%A1%2C242%EC%84%B8%EB%8C%80%20%2F%201982%EB%85%84&brandName=",
            "selected": "https://i6.zigbang.com/v1/marker/apartment.jpg?markerSizeName=xxxh&markerTypeName=Apartment_Selected&datas=9.7%EC%96%B5%2C89%E3%8E%A1%2C242%EC%84%B8%EB%8C%80%20%2F%201982%EB%85%84&brandName="
          }
        }
      }
    },
    {
      "id": 20037,
      "name": "반포리체",
      "sido": "서울특별시",
      "gugun": "서초구",
      "dong": "반포동",
      "bunji": "30-26",
      "lat": 37.503767944552806,
      "lng": 127.01332262684139,
      "households": 1119,
      "buildDate": 201107,
      "score": 4.875,
      "brand": "",
      "image": "https://i6.zigbang.com/v1/apartments/20037/profile.jpg?orientation=landscape",
      "price": 97300,
      "floorArea": 84.73,
      "marker": {
        "small": {
          "xxxh": {
            "base": "https://i6.zigbang.com/v1/marker/apartment.jpg?markerSizeName=xxxh&markerTypeName=Small_Apartment&datas=9.7%EC%96%B5%2C85%E3%8E%A1",
            "selected": "https://i6.zigbang.com/v1/marker/apartment.jpg?markerSizeName=xxxh&markerTypeName=Small_Apartment_Selected&datas=9.7%EC%96%B5%2C85%E3%8E%A1"
          }
        },
        "large": {
          "xxxh": {
            "base": "https://i6.zigbang.com/v1/marker/apartment.jpg?markerSizeName=xxxh&markerTypeName=Apartment&datas=9.7%EC%96%B5%2C85%E3%8E%A1%2C1119%EC%84%B8%EB%8C%80%20%2F%202011%EB%85%84&brandName=",
            "selected": "https://i6.zigbang.com/v1/marker/apartment.jpg?markerSizeName=xxxh&markerTypeName=Apartment_Selected&datas=9.7%EC%96%B5%2C85%E3%8E%A1%2C1119%EC%84%B8%EB%8C%80%20%2F%202011%EB%85%84&brandName="
          }
        }
      }
    },
    {
      "id": 570,
      "name": "삼호가든맨션5차",
      "sido": "서울특별시",
      "gugun": "서초구",
      "dong": "반포동",
      "bunji": "30-1",
      "lat": 37.50394473449658,
      "lng": 127.01148598619078,
      "households": 168,
      "buildDate": 198602,
      "score": 0,
      "brand": "",
      "image": "https://i6.zigbang.com/v1/apartments/570/profile.jpg?orientation=landscape",
      "price": 105000,
      "floorArea": 118.49,
      "marker": {
        "small": {
          "xxxh": {
            "base": "https://i6.zigbang.com/v1/marker/apartment.jpg?markerSizeName=xxxh&markerTypeName=Small_Apartment&datas=10.5%EC%96%B5%2C118%E3%8E%A1",
            "selected": "https://i6.zigbang.com/v1/marker/apartment.jpg?markerSizeName=xxxh&markerTypeName=Small_Apartment_Selected&datas=10.5%EC%96%B5%2C118%E3%8E%A1"
          }
        },
        "large": {
          "xxxh": {
            "base": "https://i6.zigbang.com/v1/marker/apartment.jpg?markerSizeName=xxxh&markerTypeName=Apartment&datas=10.5%EC%96%B5%2C118%E3%8E%A1%2C168%EC%84%B8%EB%8C%80%20%2F%201986%EB%85%84&brandName=",
            "selected": "https://i6.zigbang.com/v1/marker/apartment.jpg?markerSizeName=xxxh&markerTypeName=Apartment_Selected&datas=10.5%EC%96%B5%2C118%E3%8E%A1%2C168%EC%84%B8%EB%8C%80%20%2F%201986%EB%85%84&brandName="
          }
        }
      }
    },
    {
      "id": 16884,
      "name": "반포자이",
      "sido": "서울특별시",
      "gugun": "서초구",
      "dong": "반포동",
      "bunji": "20-43",
      "lat": 37.50672295737664,
      "lng": 127.01564395906517,
      "households": 3410,
      "buildDate": 200903,
      "score": 4.53659,
      "brand": "자이",
      "image": "https://i6.zigbang.com/v1/apartments/16884/profile.jpg?orientation=landscape",
      "price": 106000,
      "floorArea": 84.23,
      "marker": {
        "small": {
          "xxxh": {
            "base": "https://i6.zigbang.com/v1/marker/apartment.jpg?markerSizeName=xxxh&markerTypeName=Small_Apartment&datas=10.6%EC%96%B5%2C84%E3%8E%A1",
            "selected": "https://i6.zigbang.com/v1/marker/apartment.jpg?markerSizeName=xxxh&markerTypeName=Small_Apartment_Selected&datas=10.6%EC%96%B5%2C84%E3%8E%A1"
          }
        },
        "large": {
          "xxxh": {
            "base": "https://i6.zigbang.com/v1/marker/apartment.jpg?markerSizeName=xxxh&markerTypeName=Apartment&datas=10.6%EC%96%B5%2C84%E3%8E%A1%2C3410%EC%84%B8%EB%8C%80%20%2F%202009%EB%85%84&brandName=%EC%9E%90%EC%9D%B4",
            "selected": "https://i6.zigbang.com/v1/marker/apartment.jpg?markerSizeName=xxxh&markerTypeName=Apartment_Selected&datas=10.6%EC%96%B5%2C84%E3%8E%A1%2C3410%EC%84%B8%EB%8C%80%20%2F%202009%EB%85%84&brandName=%EC%9E%90%EC%9D%B4"
          }
        }
      }
    },
    {
      "id": 1290,
      "name": "신반포11차",
      "sido": "서울특별시",
      "gugun": "서초구",
      "dong": "잠원동",
      "bunji": "58-24",
      "lat": 37.5100623,
      "lng": 127.013787,
      "households": 398,
      "buildDate": 198111,
      "score": 3.5,
      "brand": "",
      "image": "https://i6.zigbang.com/v1/apartments/1290/profile.jpg?orientation=landscape",
      "price": 106000,
      "floorArea": 82.15,
      "marker": {
        "small": {
          "xxxh": {
            "base": "https://i6.zigbang.com/v1/marker/apartment.jpg?markerSizeName=xxxh&markerTypeName=Small_Apartment&datas=10.6%EC%96%B5%2C82%E3%8E%A1",
            "selected": "https://i6.zigbang.com/v1/marker/apartment.jpg?markerSizeName=xxxh&markerTypeName=Small_Apartment_Selected&datas=10.6%EC%96%B5%2C82%E3%8E%A1"
          }
        },
        "large": {
          "xxxh": {
            "base": "https://i6.zigbang.com/v1/marker/apartment.jpg?markerSizeName=xxxh&markerTypeName=Apartment&datas=10.6%EC%96%B5%2C82%E3%8E%A1%2C398%EC%84%B8%EB%8C%80%20%2F%201981%EB%85%84&brandName=",
            "selected": "https://i6.zigbang.com/v1/marker/apartment.jpg?markerSizeName=xxxh&markerTypeName=Apartment_Selected&datas=10.6%EC%96%B5%2C82%E3%8E%A1%2C398%EC%84%B8%EB%8C%80%20%2F%201981%EB%85%84&brandName="
          }
        }
      }
    },
    {
      "id": 168,
      "name": "녹원한신",
      "sido": "서울특별시",
      "gugun": "서초구",
      "dong": "잠원동",
      "bunji": "60-7",
      "lat": 37.51204658093285,
      "lng": 127.01137864413523,
      "households": 240,
      "buildDate": 199509,
      "score": 4.5,
      "brand": "",
      "image": "https://i6.zigbang.com/v1/apartments/168/profile.jpg?orientation=landscape",
      "price": 107000,
      "floorArea": 98.87,
      "marker": {
        "small": {
          "xxxh": {
            "base": "https://i6.zigbang.com/v1/marker/apartment.jpg?markerSizeName=xxxh&markerTypeName=Small_Apartment&datas=10.7%EC%96%B5%2C99%E3%8E%A1",
            "selected": "https://i6.zigbang.com/v1/marker/apartment.jpg?markerSizeName=xxxh&markerTypeName=Small_Apartment_Selected&datas=10.7%EC%96%B5%2C99%E3%8E%A1"
          }
        },
        "large": {
          "xxxh": {
            "base": "https://i6.zigbang.com/v1/marker/apartment.jpg?markerSizeName=xxxh&markerTypeName=Apartment&datas=10.7%EC%96%B5%2C99%E3%8E%A1%2C240%EC%84%B8%EB%8C%80%20%2F%201995%EB%85%84&brandName=",
            "selected": "https://i6.zigbang.com/v1/marker/apartment.jpg?markerSizeName=xxxh&markerTypeName=Apartment_Selected&datas=10.7%EC%96%B5%2C99%E3%8E%A1%2C240%EC%84%B8%EB%8C%80%20%2F%201995%EB%85%84&brandName="
          }
        }
      }
    },
    {
      "id": 1296,
      "name": "신반포17차",
      "sido": "서울특별시",
      "gugun": "서초구",
      "dong": "잠원동",
      "bunji": "58-22",
      "lat": 37.510766844149416,
      "lng": 127.01424229031404,
      "households": 216,
      "buildDate": 198306,
      "score": 0,
      "brand": "",
      "image": "https://i6.zigbang.com/v1/apartments/1296/profile.jpg?orientation=landscape",
      "price": 109000,
      "floorArea": 87.74,
      "marker": {
        "small": {
          "xxxh": {
            "base": "https://i6.zigbang.com/v1/marker/apartment.jpg?markerSizeName=xxxh&markerTypeName=Small_Apartment&datas=10.9%EC%96%B5%2C88%E3%8E%A1",
            "selected": "https://i6.zigbang.com/v1/marker/apartment.jpg?markerSizeName=xxxh&markerTypeName=Small_Apartment_Selected&datas=10.9%EC%96%B5%2C88%E3%8E%A1"
          }
        },
        "large": {
          "xxxh": {
            "base": "https://i6.zigbang.com/v1/marker/apartment.jpg?markerSizeName=xxxh&markerTypeName=Apartment&datas=10.9%EC%96%B5%2C88%E3%8E%A1%2C216%EC%84%B8%EB%8C%80%20%2F%201983%EB%85%84&brandName=",
            "selected": "https://i6.zigbang.com/v1/marker/apartment.jpg?markerSizeName=xxxh&markerTypeName=Apartment_Selected&datas=10.9%EC%96%B5%2C88%E3%8E%A1%2C216%EC%84%B8%EB%8C%80%20%2F%201983%EB%85%84&brandName="
          }
        }
      }
    },
    {
      "id": 1313,
      "name": "신반포9차",
      "sido": "서울특별시",
      "gugun": "서초구",
      "dong": "잠원동",
      "bunji": "60-6",
      "lat": 37.511351082452435,
      "lng": 127.01055059718227,
      "households": 286,
      "buildDate": 198102,
      "score": 5,
      "brand": "",
      "image": "https://i6.zigbang.com/v1/apartments/1313/profile.jpg?orientation=landscape",
      "price": 109000,
      "floorArea": 81.28,
      "marker": {
        "small": {
          "xxxh": {
            "base": "https://i6.zigbang.com/v1/marker/apartment.jpg?markerSizeName=xxxh&markerTypeName=Small_Apartment&datas=10.9%EC%96%B5%2C81%E3%8E%A1",
            "selected": "https://i6.zigbang.com/v1/marker/apartment.jpg?markerSizeName=xxxh&markerTypeName=Small_Apartment_Selected&datas=10.9%EC%96%B5%2C81%E3%8E%A1"
          }
        },
        "large": {
          "xxxh": {
            "base": "https://i6.zigbang.com/v1/marker/apartment.jpg?markerSizeName=xxxh&markerTypeName=Apartment&datas=10.9%EC%96%B5%2C81%E3%8E%A1%2C286%EC%84%B8%EB%8C%80%20%2F%201981%EB%85%84&brandName=",
            "selected": "https://i6.zigbang.com/v1/marker/apartment.jpg?markerSizeName=xxxh&markerTypeName=Apartment_Selected&datas=10.9%EC%96%B5%2C81%E3%8E%A1%2C286%EC%84%B8%EB%8C%80%20%2F%201981%EB%85%84&brandName="
          }
        }
      }
    },
    {
      "id": 986,
      "name": "잠원한신",
      "sido": "서울특별시",
      "gugun": "서초구",
      "dong": "잠원동",
      "bunji": "56-3",
      "lat": 37.515967806221475,
      "lng": 127.01078199907346,
      "households": 540,
      "buildDate": 199207,
      "score": 3.71429,
      "brand": "",
      "image": "https://i6.zigbang.com/v1/apartments/986/profile.jpg?orientation=landscape",
      "price": 110000,
      "floorArea": 94.42,
      "marker": {
        "small": {
          "xxxh": {
            "base": "https://i6.zigbang.com/v1/marker/apartment.jpg?markerSizeName=xxxh&markerTypeName=Small_Apartment&datas=11%EC%96%B5%2C94%E3%8E%A1",
            "selected": "https://i6.zigbang.com/v1/marker/apartment.jpg?markerSizeName=xxxh&markerTypeName=Small_Apartment_Selected&datas=11%EC%96%B5%2C94%E3%8E%A1"
          }
        },
        "large": {
          "xxxh": {
            "base": "https://i6.zigbang.com/v1/marker/apartment.jpg?markerSizeName=xxxh&markerTypeName=Apartment&datas=11%EC%96%B5%2C94%E3%8E%A1%2C540%EC%84%B8%EB%8C%80%20%2F%201992%EB%85%84&brandName=",
            "selected": "https://i6.zigbang.com/v1/marker/apartment.jpg?markerSizeName=xxxh&markerTypeName=Apartment_Selected&datas=11%EC%96%B5%2C94%E3%8E%A1%2C540%EC%84%B8%EB%8C%80%20%2F%201992%EB%85%84&brandName="
          }
        }
      }
    },
    {
      "id": 6020,
      "name": "롯데캐슬갤럭시1차",
      "sido": "서울특별시",
      "gugun": "서초구",
      "dong": "잠원동",
      "bunji": "50",
      "lat": 37.52018385073389,
      "lng": 127.01643408469131,
      "households": 256,
      "buildDate": 200207,
      "score": 3,
      "brand": "롯데캐슬",
      "image": "https://i6.zigbang.com/v1/apartments/6020/profile.jpg?orientation=landscape",
      "price": 115000,
      "floorArea": 140.41,
      "marker": {
        "small": {
          "xxxh": {
            "base": "https://i6.zigbang.com/v1/marker/apartment.jpg?markerSizeName=xxxh&markerTypeName=Small_Apartment&datas=11.5%EC%96%B5%2C140%E3%8E%A1",
            "selected": "https://i6.zigbang.com/v1/marker/apartment.jpg?markerSizeName=xxxh&markerTypeName=Small_Apartment_Selected&datas=11.5%EC%96%B5%2C140%E3%8E%A1"
          }
        },
        "large": {
          "xxxh": {
            "base": "https://i6.zigbang.com/v1/marker/apartment.jpg?markerSizeName=xxxh&markerTypeName=Apartment&datas=11.5%EC%96%B5%2C140%E3%8E%A1%2C256%EC%84%B8%EB%8C%80%20%2F%202002%EB%85%84&brandName=%EB%A1%AF%EB%8D%B0%EC%BA%90%EC%8A%AC",
            "selected": "https://i6.zigbang.com/v1/marker/apartment.jpg?markerSizeName=xxxh&markerTypeName=Apartment_Selected&datas=11.5%EC%96%B5%2C140%E3%8E%A1%2C256%EC%84%B8%EB%8C%80%20%2F%202002%EB%85%84&brandName=%EB%A1%AF%EB%8D%B0%EC%BA%90%EC%8A%AC"
          }
        }
      }
    },
    {
      "id": 1292,
      "name": "신반포13차",
      "sido": "서울특별시",
      "gugun": "서초구",
      "dong": "잠원동",
      "bunji": "52-2",
      "lat": 37.51710997209687,
      "lng": 127.01373673858812,
      "households": 180,
      "buildDate": 198112,
      "score": 4,
      "brand": "",
      "image": "https://i6.zigbang.com/v1/apartments/1292/profile.jpg?orientation=landscape",
      "price": 117000,
      "floorArea": 113.46,
      "marker": {
        "small": {
          "xxxh": {
            "base": "https://i6.zigbang.com/v1/marker/apartment.jpg?markerSizeName=xxxh&markerTypeName=Small_Apartment&datas=11.7%EC%96%B5%2C113%E3%8E%A1",
            "selected": "https://i6.zigbang.com/v1/marker/apartment.jpg?markerSizeName=xxxh&markerTypeName=Small_Apartment_Selected&datas=11.7%EC%96%B5%2C113%E3%8E%A1"
          }
        },
        "large": {
          "xxxh": {
            "base": "https://i6.zigbang.com/v1/marker/apartment.jpg?markerSizeName=xxxh&markerTypeName=Apartment&datas=11.7%EC%96%B5%2C113%E3%8E%A1%2C180%EC%84%B8%EB%8C%80%20%2F%201981%EB%85%84&brandName=",
            "selected": "https://i6.zigbang.com/v1/marker/apartment.jpg?markerSizeName=xxxh&markerTypeName=Apartment_Selected&datas=11.7%EC%96%B5%2C113%E3%8E%A1%2C180%EC%84%B8%EB%8C%80%20%2F%201981%EB%85%84&brandName="
          }
        }
      }
    },
    {
      "id": 1301,
      "name": "신반포22차",
      "sido": "서울특별시",
      "gugun": "서초구",
      "dong": "잠원동",
      "bunji": "65-33",
      "lat": 37.511668484814635,
      "lng": 127.00724791092304,
      "households": 132,
      "buildDate": 198309,
      "score": 5,
      "brand": "",
      "image": "https://i6.zigbang.com/v1/apartments/1301/profile.jpg?orientation=landscape",
      "price": 118000,
      "floorArea": 112.73,
      "marker": {
        "small": {
          "xxxh": {
            "base": "https://i6.zigbang.com/v1/marker/apartment.jpg?markerSizeName=xxxh&markerTypeName=Small_Apartment&datas=11.8%EC%96%B5%2C113%E3%8E%A1",
            "selected": "https://i6.zigbang.com/v1/marker/apartment.jpg?markerSizeName=xxxh&markerTypeName=Small_Apartment_Selected&datas=11.8%EC%96%B5%2C113%E3%8E%A1"
          }
        },
        "large": {
          "xxxh": {
            "base": "https://i6.zigbang.com/v1/marker/apartment.jpg?markerSizeName=xxxh&markerTypeName=Apartment&datas=11.8%EC%96%B5%2C113%E3%8E%A1%2C132%EC%84%B8%EB%8C%80%20%2F%201983%EB%85%84&brandName=",
            "selected": "https://i6.zigbang.com/v1/marker/apartment.jpg?markerSizeName=xxxh&markerTypeName=Apartment_Selected&datas=11.8%EC%96%B5%2C113%E3%8E%A1%2C132%EC%84%B8%EB%8C%80%20%2F%201983%EB%85%84&brandName="
          }
        }
      }
    },
    {
      "id": 1304,
      "name": "신반포25차",
      "sido": "서울특별시",
      "gugun": "서초구",
      "dong": "잠원동",
      "bunji": "61-1",
      "lat": 37.514850684496146,
      "lng": 127.00933852890422,
      "households": 169,
      "buildDate": 198412,
      "score": 0,
      "brand": "",
      "image": "https://i6.zigbang.com/v1/apartments/1304/profile.jpg?orientation=landscape",
      "price": 118000,
      "floorArea": 113.97,
      "marker": {
        "small": {
          "xxxh": {
            "base": "https://i6.zigbang.com/v1/marker/apartment.jpg?markerSizeName=xxxh&markerTypeName=Small_Apartment&datas=11.8%EC%96%B5%2C114%E3%8E%A1",
            "selected": "https://i6.zigbang.com/v1/marker/apartment.jpg?markerSizeName=xxxh&markerTypeName=Small_Apartment_Selected&datas=11.8%EC%96%B5%2C114%E3%8E%A1"
          }
        },
        "large": {
          "xxxh": {
            "base": "https://i6.zigbang.com/v1/marker/apartment.jpg?markerSizeName=xxxh&markerTypeName=Apartment&datas=11.8%EC%96%B5%2C114%E3%8E%A1%2C169%EC%84%B8%EB%8C%80%20%2F%201984%EB%85%84&brandName=",
            "selected": "https://i6.zigbang.com/v1/marker/apartment.jpg?markerSizeName=xxxh&markerTypeName=Apartment_Selected&datas=11.8%EC%96%B5%2C114%E3%8E%A1%2C169%EC%84%B8%EB%8C%80%20%2F%201984%EB%85%84&brandName="
          }
        }
      }
    },
    {
      "id": 9043,
      "name": "롯데캐슬갤럭시2차",
      "sido": "서울특별시",
      "gugun": "서초구",
      "dong": "잠원동",
      "bunji": "50-1",
      "lat": 37.51904144640884,
      "lng": 127.01594063813337,
      "households": 428,
      "buildDate": 200404,
      "score": 4.5,
      "brand": "롯데캐슬",
      "image": "https://i6.zigbang.com/v1/apartments/9043/profile.jpg?orientation=landscape",
      "price": 120000,
      "floorArea": 138.84,
      "marker": {
        "small": {
          "xxxh": {
            "base": "https://i6.zigbang.com/v1/marker/apartment.jpg?markerSizeName=xxxh&markerTypeName=Small_Apartment&datas=12%EC%96%B5%2C139%E3%8E%A1",
            "selected": "https://i6.zigbang.com/v1/marker/apartment.jpg?markerSizeName=xxxh&markerTypeName=Small_Apartment_Selected&datas=12%EC%96%B5%2C139%E3%8E%A1"
          }
        },
        "large": {
          "xxxh": {
            "base": "https://i6.zigbang.com/v1/marker/apartment.jpg?markerSizeName=xxxh&markerTypeName=Apartment&datas=12%EC%96%B5%2C139%E3%8E%A1%2C428%EC%84%B8%EB%8C%80%20%2F%202004%EB%85%84&brandName=%EB%A1%AF%EB%8D%B0%EC%BA%90%EC%8A%AC",
            "selected": "https://i6.zigbang.com/v1/marker/apartment.jpg?markerSizeName=xxxh&markerTypeName=Apartment_Selected&datas=12%EC%96%B5%2C139%E3%8E%A1%2C428%EC%84%B8%EB%8C%80%20%2F%202004%EB%85%84&brandName=%EB%A1%AF%EB%8D%B0%EC%BA%90%EC%8A%AC"
          }
        }
      }
    },
    {
      "id": 1300,
      "name": "신반포21차",
      "sido": "서울특별시",
      "gugun": "서초구",
      "dong": "잠원동",
      "bunji": "59-10",
      "lat": 37.509130696069015,
      "lng": 127.01359502803376,
      "households": 108,
      "buildDate": 198412,
      "score": 0,
      "brand": "",
      "image": "https://i6.zigbang.com/v1/apartments/1300/profile.jpg?orientation=landscape",
      "price": 125000,
      "floorArea": 129.25,
      "marker": {
        "small": {
          "xxxh": {
            "base": "https://i6.zigbang.com/v1/marker/apartment.jpg?markerSizeName=xxxh&markerTypeName=Small_Apartment&datas=12.5%EC%96%B5%2C129%E3%8E%A1",
            "selected": "https://i6.zigbang.com/v1/marker/apartment.jpg?markerSizeName=xxxh&markerTypeName=Small_Apartment_Selected&datas=12.5%EC%96%B5%2C129%E3%8E%A1"
          }
        },
        "large": {
          "xxxh": {
            "base": "https://i6.zigbang.com/v1/marker/apartment.jpg?markerSizeName=xxxh&markerTypeName=Apartment&datas=12.5%EC%96%B5%2C129%E3%8E%A1%2C108%EC%84%B8%EB%8C%80%20%2F%201984%EB%85%84&brandName=",
            "selected": "https://i6.zigbang.com/v1/marker/apartment.jpg?markerSizeName=xxxh&markerTypeName=Apartment_Selected&datas=12.5%EC%96%B5%2C129%E3%8E%A1%2C108%EC%84%B8%EB%8C%80%20%2F%201984%EB%85%84&brandName="
          }
        }
      }
    },
    {
      "id": 2903,
      "name": "신반포4차",
      "sido": "서울특별시",
      "gugun": "서초구",
      "dong": "잠원동",
      "bunji": "70",
      "lat": 37.50874928548353,
      "lng": 127.00627946853115,
      "households": 1212,
      "buildDate": 197910,
      "score": 4,
      "brand": "",
      "image": "https://i6.zigbang.com/v1/apartments/2903/profile.jpg?orientation=landscape",
      "price": 125900,
      "floorArea": 103.57,
      "marker": {
        "small": {
          "xxxh": {
            "base": "https://i6.zigbang.com/v1/marker/apartment.jpg?markerSizeName=xxxh&markerTypeName=Small_Apartment&datas=12.6%EC%96%B5%2C104%E3%8E%A1",
            "selected": "https://i6.zigbang.com/v1/marker/apartment.jpg?markerSizeName=xxxh&markerTypeName=Small_Apartment_Selected&datas=12.6%EC%96%B5%2C104%E3%8E%A1"
          }
        },
        "large": {
          "xxxh": {
            "base": "https://i6.zigbang.com/v1/marker/apartment.jpg?markerSizeName=xxxh&markerTypeName=Apartment&datas=12.6%EC%96%B5%2C104%E3%8E%A1%2C1212%EC%84%B8%EB%8C%80%20%2F%201979%EB%85%84&brandName=",
            "selected": "https://i6.zigbang.com/v1/marker/apartment.jpg?markerSizeName=xxxh&markerTypeName=Apartment_Selected&datas=12.6%EC%96%B5%2C104%E3%8E%A1%2C1212%EC%84%B8%EB%8C%80%20%2F%201979%EB%85%84&brandName="
          }
        }
      }
    },
    {
      "id": 33301,
      "name": "래미안신반포팰리스",
      "sido": "서울특별시",
      "gugun": "서초구",
      "dong": "잠원동",
      "bunji": "57",
      "lat": 37.51530075073242,
      "lng": 127.01200103759766,
      "households": 843,
      "buildDate": 201606,
      "score": 3,
      "brand": "래미안",
      "image": "https://i6.zigbang.com/v1/apartments/33301/profile.jpg?orientation=landscape",
      "price": 128300,
      "floorArea": 111.79,
      "marker": {
        "small": {
          "xxxh": {
            "base": "https://i6.zigbang.com/v1/marker/apartment.jpg?markerSizeName=xxxh&markerTypeName=Small_Apartment&datas=12.8%EC%96%B5%2C112%E3%8E%A1",
            "selected": "https://i6.zigbang.com/v1/marker/apartment.jpg?markerSizeName=xxxh&markerTypeName=Small_Apartment_Selected&datas=12.8%EC%96%B5%2C112%E3%8E%A1"
          }
        },
        "large": {
          "xxxh": {
            "base": "https://i6.zigbang.com/v1/marker/apartment.jpg?markerSizeName=xxxh&markerTypeName=Apartment&datas=12.8%EC%96%B5%2C112%E3%8E%A1%2C843%EC%84%B8%EB%8C%80%20%2F%202016%EB%85%84&brandName=%EB%9E%98%EB%AF%B8%EC%95%88",
            "selected": "https://i6.zigbang.com/v1/marker/apartment.jpg?markerSizeName=xxxh&markerTypeName=Apartment_Selected&datas=12.8%EC%96%B5%2C112%E3%8E%A1%2C843%EC%84%B8%EB%8C%80%20%2F%202016%EB%85%84&brandName=%EB%9E%98%EB%AF%B8%EC%95%88"
          }
        }
      }
    },
    {
      "id": 1311,
      "name": "신반포7차",
      "sido": "서울특별시",
      "gugun": "서초구",
      "dong": "잠원동",
      "bunji": "65-32",
      "lat": 37.51245051505332,
      "lng": 127.00789496661635,
      "households": 320,
      "buildDate": 198004,
      "score": 4,
      "brand": "",
      "image": "https://i6.zigbang.com/v1/apartments/1311/profile.jpg?orientation=landscape",
      "price": 133000,
      "floorArea": 116.4,
      "marker": {
        "small": {
          "xxxh": {
            "base": "https://i6.zigbang.com/v1/marker/apartment.jpg?markerSizeName=xxxh&markerTypeName=Small_Apartment&datas=13.3%EC%96%B5%2C116%E3%8E%A1",
            "selected": "https://i6.zigbang.com/v1/marker/apartment.jpg?markerSizeName=xxxh&markerTypeName=Small_Apartment_Selected&datas=13.3%EC%96%B5%2C116%E3%8E%A1"
          }
        },
        "large": {
          "xxxh": {
            "base": "https://i6.zigbang.com/v1/marker/apartment.jpg?markerSizeName=xxxh&markerTypeName=Apartment&datas=13.3%EC%96%B5%2C116%E3%8E%A1%2C320%EC%84%B8%EB%8C%80%20%2F%201980%EB%85%84&brandName=",
            "selected": "https://i6.zigbang.com/v1/marker/apartment.jpg?markerSizeName=xxxh&markerTypeName=Apartment_Selected&datas=13.3%EC%96%B5%2C116%E3%8E%A1%2C320%EC%84%B8%EB%8C%80%20%2F%201980%EB%85%84&brandName="
          }
        }
      }
    },
    {
      "id": 1299,
      "name": "신반포20차",
      "sido": "서울특별시",
      "gugun": "서초구",
      "dong": "잠원동",
      "bunji": "60-78",
      "lat": 37.510143625096106,
      "lng": 127.01173124262036,
      "households": 112,
      "buildDate": 198312,
      "score": 0,
      "brand": "",
      "image": "https://i6.zigbang.com/v1/apartments/1299/profile.jpg?orientation=landscape",
      "price": 150000,
      "floorArea": 155.6,
      "marker": {
        "small": {
          "xxxh": {
            "base": "https://i6.zigbang.com/v1/marker/apartment.jpg?markerSizeName=xxxh&markerTypeName=Small_Apartment&datas=15%EC%96%B5%2C156%E3%8E%A1",
            "selected": "https://i6.zigbang.com/v1/marker/apartment.jpg?markerSizeName=xxxh&markerTypeName=Small_Apartment_Selected&datas=15%EC%96%B5%2C156%E3%8E%A1"
          }
        },
        "large": {
          "xxxh": {
            "base": "https://i6.zigbang.com/v1/marker/apartment.jpg?markerSizeName=xxxh&markerTypeName=Apartment&datas=15%EC%96%B5%2C156%E3%8E%A1%2C112%EC%84%B8%EB%8C%80%20%2F%201983%EB%85%84&brandName=",
            "selected": "https://i6.zigbang.com/v1/marker/apartment.jpg?markerSizeName=xxxh&markerTypeName=Apartment_Selected&datas=15%EC%96%B5%2C156%E3%8E%A1%2C112%EC%84%B8%EB%8C%80%20%2F%201983%EB%85%84&brandName="
          }
        }
      }
    }
  ],
  "unfiltered": []
}